{
  "best_global_step": null,
  "best_metric": null,
  "best_model_checkpoint": null,
  "epoch": 0.01650709805216243,
  "eval_steps": 100,
  "global_step": 100,
  "is_hyper_param_search": false,
  "is_local_process_zero": true,
  "is_world_process_zero": true,
  "log_history": [
    {
      "clip_ratio/high_max": 0.0,
      "clip_ratio/high_mean": 0.0,
      "clip_ratio/low_mean": 0.0,
      "clip_ratio/low_min": 0.0,
      "clip_ratio/region_mean": 0.0,
      "completions/clipped_ratio": 0.525,
      "completions/max_length": 476.6,
      "completions/max_terminated_length": 196.2,
      "completions/mean_length": 365.0125,
      "completions/mean_terminated_length": 138.21666870117187,
      "completions/min_length": 236.2,
      "completions/min_terminated_length": 82.6,
      "entropy": 0.3737803339958191,
      "epoch": 0.001650709805216243,
      "frac_reward_zero_std": 0.05,
      "grad_norm": 0.14892010390758514,
      "kl": 0.0004936636163620278,
      "learning_rate": 2.25e-06,
      "loss": -0.04204883277416229,
      "num_tokens": 42129.0,
      "reward": 2.47510986328125,
      "reward_std": 1.6180568158626556,
      "rewards/reward_fn/mean": 2.47510986328125,
      "rewards/reward_fn/std": 1.6180568754673004,
      "step": 10,
      "step_time": 17.312394523200055
    },
    {
      "clip_ratio/high_max": 0.0,
      "clip_ratio/high_mean": 0.0,
      "clip_ratio/low_mean": 0.0,
      "clip_ratio/low_min": 0.0,
      "clip_ratio/region_mean": 0.0,
      "completions/clipped_ratio": 0.425,
      "completions/max_length": 420.4,
      "completions/max_terminated_length": 260.7,
      "completions/mean_length": 325.775,
      "completions/mean_terminated_length": 177.2291687011719,
      "completions/min_length": 224.7,
      "completions/min_terminated_length": 122.3,
      "entropy": 0.41037480905652046,
      "epoch": 0.003301419610432486,
      "frac_reward_zero_std": 0.0,
      "grad_norm": 0.4080190360546112,
      "kl": 0.0006044907058821991,
      "learning_rate": 4.75e-06,
      "loss": -0.03223861753940582,
      "num_tokens": 75555.0,
      "reward": 3.346514892578125,
      "reward_std": 1.6293471574783325,
      "rewards/reward_fn/mean": 3.346514892578125,
      "rewards/reward_fn/std": 1.6293471574783325,
      "step": 20,
      "step_time": 14.383368826600053
    },
    {
      "clip_ratio/high_max": 0.0,
      "clip_ratio/high_mean": 0.0,
      "clip_ratio/low_mean": 0.0,
      "clip_ratio/low_min": 0.0,
      "clip_ratio/region_mean": 0.0,
      "completions/clipped_ratio": 0.45,
      "completions/max_length": 478.0,
      "completions/max_terminated_length": 276.3,
      "completions/mean_length": 348.9625,
      "completions/mean_terminated_length": 204.34166870117187,
      "completions/min_length": 202.0,
      "completions/min_terminated_length": 150.8,
      "entropy": 0.41075479462742803,
      "epoch": 0.0049521294156487285,
      "frac_reward_zero_std": 0.0,
      "grad_norm": 0.1351298689842224,
      "kl": 0.0005832957787788474,
      "learning_rate": 4.75e-06,
      "loss": -0.023674999177455903,
      "num_tokens": 113596.0,
      "reward": 3.492254638671875,
      "reward_std": 1.5804875910282135,
      "rewards/reward_fn/mean": 3.492254638671875,
      "rewards/reward_fn/std": 1.5804876148700715,
      "step": 30,
      "step_time": 16.53923435119996
    },
    {
      "clip_ratio/high_max": 0.0,
      "clip_ratio/high_mean": 0.0,
      "clip_ratio/low_mean": 0.0,
      "clip_ratio/low_min": 0.0,
      "clip_ratio/region_mean": 0.0,
      "completions/clipped_ratio": 0.4,
      "completions/max_length": 444.1,
      "completions/max_terminated_length": 285.9,
      "completions/mean_length": 344.125,
      "completions/mean_terminated_length": 230.23333435058595,
      "completions/min_length": 235.1,
      "completions/min_terminated_length": 183.9,
      "entropy": 0.4316852994263172,
      "epoch": 0.006602839220864972,
      "frac_reward_zero_std": 0.0,
      "grad_norm": 0.11505848914384842,
      "kl": 0.0006522286217659712,
      "learning_rate": 4.472222222222223e-06,
      "loss": -0.023704300820827483,
      "num_tokens": 150174.0,
      "reward": 3.0025146484375,
      "reward_std": 1.49832581281662,
      "rewards/reward_fn/mean": 3.0025146484375,
      "rewards/reward_fn/std": 1.49832581281662,
      "step": 40,
      "step_time": 15.514843648199939
    },
    {
      "clip_ratio/high_max": 0.0,
      "clip_ratio/high_mean": 0.0,
      "clip_ratio/low_mean": 0.0,
      "clip_ratio/low_min": 0.0,
      "clip_ratio/region_mean": 0.0,
      "completions/clipped_ratio": 0.325,
      "completions/max_length": 407.3,
      "completions/max_terminated_length": 282.9,
      "completions/mean_length": 309.125,
      "completions/mean_terminated_length": 209.06666870117186,
      "completions/min_length": 187.4,
      "completions/min_terminated_length": 136.2,
      "entropy": 0.3912821851670742,
      "epoch": 0.008253549026081214,
      "frac_reward_zero_std": 0.0,
      "grad_norm": 0.7526866793632507,
      "kl": 0.0006545188749441877,
      "learning_rate": 4.194444444444445e-06,
      "loss": -0.07060015797615052,
      "num_tokens": 187104.0,
      "reward": 3.2151089191436766,
      "reward_std": 1.6042466163635254,
      "rewards/reward_fn/mean": 3.2151089191436766,
      "rewards/reward_fn/std": 1.6042466521263123,
      "step": 50,
      "step_time": 14.577445362000116
    },
    {
      "clip_ratio/high_max": 0.0,
      "clip_ratio/high_mean": 0.0,
      "clip_ratio/low_mean": 0.0,
      "clip_ratio/low_min": 0.0,
      "clip_ratio/region_mean": 0.0,
      "completions/clipped_ratio": 0.65,
      "completions/max_length": 496.4,
      "completions/max_terminated_length": 161.5,
      "completions/mean_length": 400.3,
      "completions/mean_terminated_length": 116.5125,
      "completions/min_length": 280.9,
      "completions/min_terminated_length": 76.1,
      "entropy": 0.4099162757396698,
      "epoch": 0.009904258831297457,
      "frac_reward_zero_std": 0.05,
      "grad_norm": 0.1509602814912796,
      "kl": 0.0005803545842354652,
      "learning_rate": 3.916666666666667e-06,
      "loss": -0.0358104944229126,
      "num_tokens": 229848.0,
      "reward": 3.49136962890625,
      "reward_std": 2.3204535603523255,
      "rewards/reward_fn/mean": 3.49136962890625,
      "rewards/reward_fn/std": 2.3204536199569703,
      "step": 60,
      "step_time": 17.42824685509995
    },
    {
      "clip_ratio/high_max": 0.0,
      "clip_ratio/high_mean": 0.0,
      "clip_ratio/low_mean": 0.0,
      "clip_ratio/low_min": 0.0,
      "clip_ratio/region_mean": 0.0,
      "completions/clipped_ratio": 0.325,
      "completions/max_length": 431.8,
      "completions/max_terminated_length": 260.6,
      "completions/mean_length": 313.975,
      "completions/mean_terminated_length": 164.9,
      "completions/min_length": 191.2,
      "completions/min_terminated_length": 88.8,
      "entropy": 0.5069291323423386,
      "epoch": 0.011554968636513702,
      "frac_reward_zero_std": 0.05,
      "grad_norm": 0.21342866122722626,
      "kl": 0.0007725411967840045,
      "learning_rate": 3.638888888888889e-06,
      "loss": -0.0031367383897304537,
      "num_tokens": 263390.0,
      "reward": 3.0744055271148683,
      "reward_std": 1.669889160990715,
      "rewards/reward_fn/mean": 3.0744055271148683,
      "rewards/reward_fn/std": 1.6698892563581467,
      "step": 70,
      "step_time": 14.78369367339983
    },
    {
      "clip_ratio/high_max": 0.0,
      "clip_ratio/high_mean": 0.0,
      "clip_ratio/low_mean": 0.0,
      "clip_ratio/low_min": 0.0,
      "clip_ratio/region_mean": 0.0,
      "completions/clipped_ratio": 0.425,
      "completions/max_length": 489.2,
      "completions/max_terminated_length": 305.9,
      "completions/mean_length": 333.975,
      "completions/mean_terminated_length": 223.65250091552736,
      "completions/min_length": 161.6,
      "completions/min_terminated_length": 161.6,